Virus name	Type	Accession ID	Collection date	Location	Additional location information	Sequence length	Host	Patient age	Gender	Clade	Pango lineage	Pangolin version	Variant	AA Substitutions	Submission date	Is reference?	Is complete?	Is high coverage?	Is low coverage?	N-Content	GC-Content
hCoV-19/India/GBRC750/2021	betacoronavirus	EPI_ISL_426900	2020-04	Asia / India / New Delhi		29862	Human	unknown	unknown	G	B.1.617.2	2021-05-12		(NSP15_A283V,NSP12_P323L,Spike_D614G)	2020-04-17		True	True		0.00691236470311	0.379674275888
hCoV-19/India/GBRC748/2021	betacoronavirus	EPI_ISL_426901	2020-04	Asia / India / New Delhi		29865	Human	unknown	unknown	G	B.1.617.2	2021-05-12		(NSP15_A283V,NSP12_P323L,Spike_D614G)	2020-04-17		True	True		0.0083054795908	0.379553664877
hCoV-19/India/GBRC751/2021	betacoronavirus	EPI_ISL_426902	2020-05	Asia / India / New Delhi		29864	Human	unknown	unknown	V	B.1.617.2	2021-05-12		(NSP14_R163C,NSP3_K38R,NS3_G251V,NSP2_I559V,NSP2_P585S,NSP6_L37F)	2020-04-17		True			0.0179289658463	0.378860181335
hCoV-19/India/GBRC752/2021	betacoronavirus	EPI_ISL_426903	2021-04-28	Asia / India / New Delhi		29813	Human	unknown	unknown	G	B.1.617.2	2021-05-12		(NSP12_P323L,Spike_D614G)	2020-04-17		True			0.0091392207968	0.379243814101
hCoV-19/India/GBRC755/2021	betacoronavirus	EPI_ISL_426904	2020-03-23	Asia / India / Pune / Pune		29818	Human	unknown	unknown	G	B.1.617.2	2021-05-12		(NSP12_P323L,Spike_D614G)	2020-04-17		True	True		0.000436168428116	0.380137560812
hCoV-19/India/GBRC754/2021	betacoronavirus	EPI_ISL_426905	2020-03-23	Asia / India / Pune / Pune		29873	Human	49	Male	O	B.1.617.2	2021-05-12		(NSP3_S1197R,NSP12_A97V,NSP3_T1198K,NSP12_T739I,N_P13L,NSP6_L37F)	2020-04-17		True			0.0307076562123	0.380360901218
hCoV-19/India/GBRC753/2021	betacoronavirus	EPI_ISL_426906	2020-03-28	Asia / India / Pune / Pune		29862	Human	23	Male	GR	B.1.617.2	2021-05-12		(N_R203K,N_S193I,N_G204R,NSP12_P323L,Spike_D614G)	2020-04-17		True	True		0.00711611750025	0.379515024788
hCoV-19/USA/MN-CDC-IBX248896506061/2021	betacoronavirus	EPI_ISL_426907	2020-03-28	North America / USA / Minnesota		29813	Human	35	Female	G	B.1.1.7	2021-05-12		(NSP12_P323L,Spike_D614G)	2020-04-17		True	True		0.0032643446071	0.380010095911
hCoV-19/USA/ND-CDC-IBX260462192634/2021	betacoronavirus	EPI_ISL_426908	2021-04-28	North America / USA / Washington		29865	Human	71	Male	G	B.1.1.7	2021-05-12		(NSP1_G7D,NSP12_P323L,Spike_D614G)	2020-04-17		True			0.0163694527634	0.378913694528
hCoV-19/USA/MN-CDC-IBX261709991092/2021	betacoronavirus	EPI_ISL_426909	2021-05-28	North America / USA / Minnesota		29813	Human	42	Female	G	B.1.1.7	2021-05-12		(NSP12_P323L,Spike_A243S,Spike_D614G)	2020-04-17		True			0.0191433357263	0.380234505863
hCoV-19/USA/NJ-CDC-IBX262703802572/2021	betacoronavirus	EPI_ISL_426910	2021-06-01	North America / USA / New Jersey		29809	Human	67	Male	G	B.1.1.7	2021-05-12		(NSP12_P323L,Spike_D614G)	2020-04-17		True	True		0.00668670426531	0.38019654858
hCoV-19/USA/WY-CDC-IBX268754755949/2021	betacoronavirus	EPI_ISL_426911	2020-12-28	North America / USA / Wyomin		29789	Human	69	Female	G	B.1.1.7	2021-05-12		(NSP12_P323L,Spike_D614G)	2020-04-17		True			0.0387404979427	0.378826975382
